AreaCode,Year,Litres
ARG,1961,16.4
ARG,1962,16.7
ARG,1963,17.6
ARG,1964,17.8
ARG,1965,17.8
ARG,1966,16.6
ARG,1967,17.0
ARG,1968,17.7
ARG,1969,17.8
ARG,1970,18.4
ARG,1971,17.0
ARG,1972,16.1
ARG,1973,15.0
ARG,1974,16.1
ARG,1975,17.5
ARG,1976,17.3
ARG,1977,17.1
ARG,1978,15.7
ARG,1979,16.1
ARG,1980,16.6
ARG,1981,15.3
ARG,1982,14.6
ARG,1983,14.5
ARG,1984,13.8
ARG,1985,12.8
ARG,1986,12.9
ARG,1987,12.8
ARG,1988,11.5
ARG,1989,10.8
ARG,1990,11.7
ARG,1991,12.3
ARG,1992,12.1
ARG,1993,11.6
ARG,1994,10.9
ARG,1995,10.1
ARG,1996,9.9
ARG,1997,10.3
ARG,1998,9.2
ARG,1999,9.2
ARG,2000,7.7
ARG,2001,7.8
ARG,2002,7.8
ARG,2003,7.6
ARG,2004,7.6
ARG,2005,7.6
ARG,2006,7.8
ARG,2007,8.2
ARG,2008,8.4
ARG,2009,8.3
ARG,2010,7.3
ARG,2011,7.7
ARG,2012,8.0
ARG,2013,8.1
ARG,2014,8.2
ARG,2015,8.2
ARG,2016,8.2
ARG,2017,7.9
ARG,2018,7.6
ARG,2019,7.6
ARG,2020,7.6
AUS,1960,9.3
AUS,1961,9.4
AUS,1962,9.5
AUS,1963,9.8
AUS,1964,10.1
AUS,1965,10.0
AUS,1966,10.3
AUS,1967,10.8
AUS,1968,11.1
AUS,1969,11.6
AUS,1970,11.6
AUS,1971,11.6
AUS,1972,12.2
AUS,1973,12.9
AUS,1974,13.1
AUS,1975,12.9
AUS,1976,13.1
AUS,1977,13.0
AUS,1978,12.7
AUS,1979,12.7
AUS,1980,12.7
AUS,1981,12.8
AUS,1982,12.4
AUS,1983,12.2
AUS,1984,11.7
AUS,1985,11.8
AUS,1986,11.3
AUS,1987,11.4
AUS,1988,11.3
AUS,1989,11.0
AUS,1990,10.6
AUS,1991,10.1
AUS,1992,9.9
AUS,1993,10.2
AUS,1994,10.0
AUS,1995,9.8
AUS,1996,10.0
AUS,1997,10.2
AUS,1998,10.0
AUS,1999,10.0
AUS,2000,10.2
AUS,2001,10.0
AUS,2002,10.4
AUS,2003,10.3
AUS,2004,10.5
AUS,2005,10.5
AUS,2006,10.8
AUS,2007,10.8
AUS,2008,10.8
AUS,2009,10.7
AUS,2010,10.4
AUS,2011,10.1
AUS,2012,10.0
AUS,2013,9.9
AUS,2014,9.8
AUS,2015,10.1
AUS,2016,10.1
AUS,2017,10.2
AUS,2018,10.3
AUS,2019,10.1
AUT,1960,8.8
AUT,1961,9.4
AUT,1962,9.4
AUT,1963,10.1
AUT,1964,10.7
AUT,1965,11.2
AUT,1966,13.0
AUT,1967,12.7
AUT,1968,13.4
AUT,1969,13.2
AUT,1970,13.3
AUT,1971,13.9
AUT,1972,14.4
AUT,1973,14.6
AUT,1974,14.6
AUT,1975,14.1
AUT,1976,14.2
AUT,1977,14.3
AUT,1978,13.5
AUT,1979,13.6
AUT,1980,13.6
AUT,1981,13.4
AUT,1982,13.5
AUT,1983,14.0
AUT,1984,13.8
AUT,1985,13.3
AUT,1986,13.6
AUT,1987,13.6
AUT,1988,13.7
AUT,1989,13.9
AUT,1990,14.0
AUT,1991,14.0
AUT,1992,13.6
AUT,1993,13.5
AUT,1994,12.5
AUT,1995,13.4
AUT,1996,13.5
AUT,1997,12.9
AUT,1998,12.9
AUT,1999,12.8
AUT,2000,13.2
AUT,2001,12.3
AUT,2002,12.1
AUT,2003,12.3
AUT,2004,12.1
AUT,2005,12.2
AUT,2006,12.5
AUT,2007,12.5
AUT,2008,12.0
AUT,2009,11.8
AUT,2010,12.1
AUT,2011,11.9
AUT,2012,12.1
AUT,2013,11.9
AUT,2014,12.2
AUT,2015,11.2
AUT,2016,11.4
AUT,2017,11.3
AUT,2018,11.3
AUT,2019,11.6
AUT,2020,11.3
AUT,2021,11.1
AUT,2022,11.6
BEL,1963,9.9
BEL,1964,10.5
BEL,1965,10.8
BEL,1966,10.3
BEL,1967,10.7
BEL,1968,11.2
BEL,1969,11.5
BEL,1970,12.4
BEL,1971,12.6
BEL,1972,13.0
BEL,1973,13.8
BEL,1974,13.4
BEL,1975,13.5
BEL,1976,13.6
BEL,1977,13.5
BEL,1978,13.4
BEL,1979,13.6
BEL,1980,14.0
BEL,1981,13.3
BEL,1982,13.7
BEL,1983,13.6
BEL,1984,13.3
BEL,1985,13.1
BEL,1986,12.7
BEL,1987,13.2
BEL,1988,12.5
BEL,1989,11.6
BEL,1990,12.2
BEL,1991,11.4
BEL,1992,11.7
BEL,1993,11.7
BEL,1994,11.1
BEL,1995,11.0
BEL,1996,10.9
BEL,1997,10.9
BEL,1998,9.9
BEL,1999,10.1
BEL,2000,11.2
BEL,2001,11.0
BEL,2002,11.3
BEL,2003,11.3
BEL,2004,12.1
BEL,2005,12.2
BEL,2006,10.9
BEL,2007,10.3
BEL,2008,10.5
BEL,2009,10.1
BEL,2010,10.3
BEL,2011,10.1
BEL,2012,10.1
BEL,2013,10.3
BEL,2014,10.6
BEL,2015,10.4
BEL,2016,9.4
BEL,2017,9.3
BEL,2018,9.2
BEL,2019,9.2
BRA,1963,1.9
BRA,1964,2.0
BRA,1965,1.9
BRA,1966,1.8
BRA,1967,2.6
BRA,1968,2.7
BRA,1969,2.7
BRA,1970,3.1
BRA,1971,2.9
BRA,1972,2.9
BRA,1973,3.0
BRA,1974,3.0
BRA,1975,3.0
BRA,1976,3.1
BRA,1977,3.2
BRA,1978,3.5
BRA,1979,3.5
BRA,1980,3.5
BRA,1981,3.4
BRA,1982,3.6
BRA,1983,3.6
BRA,1984,3.7
BRA,1985,3.8
BRA,1986,4.1
BRA,1987,4.0
BRA,1988,4.1
BRA,1989,5.5
BRA,1990,5.3
BRA,1991,5.5
BRA,1992,5.3
BRA,1993,4.9
BRA,1994,5.2
BRA,1995,5.9
BRA,1996,5.9
BRA,1997,5.8
BRA,1998,5.7
BRA,1999,6.0
BRA,2000,8.9
BRA,2001,8.9
BRA,2002,8.7
BRA,2003,8.5
BRA,2004,8.3
BRA,2005,8.4
BRA,2006,8.4
BRA,2007,8.4
BRA,2008,8.4
BRA,2009,8.4
BRA,2010,8.5
BRA,2011,8.6
BRA,2012,8.4
BRA,2013,8.3
BRA,2014,9.2
BRA,2015,9.2
BRA,2016,9.7
BRA,2017,9.2
BRA,2018,9.4
BRA,2019,9.8
BRA,2020,9.8
BGR,1963,7.3
BGR,1964,6.5
BGR,1965,7.3
BGR,1966,7.3
BGR,1967,7.8
BGR,1968,9.0
BGR,1969,8.7
BGR,1970,8.4
BGR,1971,8.9
BGR,1972,9.2
BGR,1973,10.1
BGR,1974,10.2
BGR,1975,10.2
BGR,1976,10.9
BGR,1977,10.5
BGR,1978,11.3
BGR,1979,10.9
BGR,1980,10.8
BGR,1981,11.3
BGR,1982,11.2
BGR,1983,11.0
BGR,1984,11.4
BGR,1985,10.9
BGR,1986,11.5
BGR,1987,10.9
BGR,1988,11.2
BGR,1989,11.4
BGR,1990,11.5
BGR,1991,9.5
BGR,1992,10.2
BGR,1993,9.9
BGR,1994,9.7
BGR,1995,9.5
BGR,1996,9.2
BGR,1997,8.1
BGR,1998,7.9
BGR,1999,7.7
BGR,2000,10.3
BGR,2001,11.1
BGR,2002,10.8
BGR,2003,10.9
BGR,2004,10.7
BGR,2005,10.2
BGR,2006,10.2
BGR,2007,10.7
BGR,2008,10.7
BGR,2009,10.5
BGR,2010,10.0
BGR,2011,10.2
BGR,2012,10.4
BGR,2013,10.5
BGR,2014,10.6
BGR,2015,10.9
BGR,2016,11.1
BGR,2017,11.3
BGR,2018,11.4
BGR,2019,11.4
BGR,2020,11.1
CAN,1960,7.0
CAN,1961,7.1
CAN,1962,7.3
CAN,1963,7.5
CAN,1964,7.6
CAN,1965,7.8
CAN,1966,8.1
CAN,1967,8.3
CAN,1968,8.3
CAN,1969,8.5
CAN,1970,8.8
CAN,1971,9.4
CAN,1972,9.9
CAN,1973,10.4
CAN,1974,10.8
CAN,1975,10.9
CAN,1976,10.9
CAN,1977,10.9
CAN,1978,10.9
CAN,1979,10.9
CAN,1980,10.7
CAN,1981,10.8
CAN,1982,10.5
CAN,1983,10.2
CAN,1984,9.9
CAN,1985,9.8
CAN,1986,9.6
CAN,1987,9.6
CAN,1988,9.4
CAN,1989,8.8
CAN,1990,8.5
CAN,1991,8.2
CAN,1992,7.8
CAN,1993,7.5
CAN,1994,7.4
CAN,1995,7.4
CAN,1996,7.4
CAN,1997,7.2
CAN,1998,7.3
CAN,1999,7.5
CAN,2000,7.6
CAN,2001,7.6
CAN,2002,7.7
CAN,2003,7.7
CAN,2004,7.8
CAN,2005,8.0
CAN,2006,8.2
CAN,2007,8.4
CAN,2008,8.4
CAN,2009,8.4
CAN,2010,8.4
CAN,2011,8.2
CAN,2012,8.3
CAN,2013,8.2
CAN,2014,8.0
CAN,2015,8.0
CAN,2016,8.1
CAN,2017,8.2
CAN,2018,8.2
CAN,2019,8.0
CAN,2020,8.1
CAN,2021,8.3
CAN,2022,8.1
CHL,1963,11.1
CHL,1964,11.6
CHL,1965,9.7
CHL,1966,11.3
CHL,1967,11.4
CHL,1968,11.6
CHL,1969,9.1
CHL,1970,9.2
CHL,1971,11.6
CHL,1972,12.8
CHL,1973,11.1
CHL,1974,10.0
CHL,1975,8.6
CHL,1976,9.7
CHL,1977,10.3
CHL,1978,9.8
CHL,1979,10.3
CHL,1980,10.2
CHL,1981,9.7
CHL,1982,12.6
CHL,1983,10.0
CHL,1984,10.0
CHL,1985,9.7
CHL,1986,8.9
CHL,1987,9.5
CHL,1988,9.5
CHL,1989,8.7
CHL,1990,8.6
CHL,1991,8.0
CHL,1992,7.8
CHL,1993,7.7
CHL,1994,7.7
CHL,1995,8.3
CHL,1996,7.4
CHL,1997,6.6
CHL,1998,7.3
CHL,1999,7.6
CHL,2000,6.2
CHL,2001,6.2
CHL,2002,5.5
CHL,2003,6.5
CHL,2004,6.8
CHL,2005,7.2
CHL,2006,6.9
CHL,2007,7.4
CHL,2008,7.4
CHL,2009,7.2
CHL,2010,7.6
CHL,2011,7.1
CHL,2012,8.3
CHL,2013,7.2
CHL,2014,7.9
CHL,2015,7.9
CHL,2016,6.4
CHL,2017,5.7
CHL,2018,6.3
CHL,2019,7.1
CHN,1961,0.5
CHN,1962,0.6
CHN,1963,0.6
CHN,1964,0.6
CHN,1965,0.7
CHN,1966,0.8
CHN,1967,0.7
CHN,1968,0.8
CHN,1969,0.8
CHN,1970,0.8
CHN,1971,0.8
CHN,1972,0.9
CHN,1973,1.0
CHN,1974,1.1
CHN,1975,1.2
CHN,1976,1.3
CHN,1977,1.2
CHN,1978,1.2
CHN,1979,1.3
CHN,1980,1.7
CHN,1981,1.9
CHN,1982,2.1
CHN,1983,2.3
CHN,1984,2.4
CHN,1985,2.5
CHN,1986,2.9
CHN,1987,3.3
CHN,1988,3.5
CHN,1989,3.2
CHN,1990,3.3
CHN,1991,3.4
CHN,1992,3.5
CHN,1993,3.8
CHN,1994,4.0
CHN,1995,4.7
CHN,1996,4.5
CHN,1997,4.6
CHN,1998,3.9
CHN,1999,3.6
CHN,2000,3.0
CHN,2001,2.8
CHN,2002,2.9
CHN,2003,2.9
CHN,2004,3.0
CHN,2005,2.9
CHN,2006,3.3
CHN,2007,3.9
CHN,2008,4.3
CHN,2009,4.9
CHN,2010,4.8
CHN,2011,5.4
CHN,2012,5.9
CHN,2013,6.1
CHN,2014,6.2
CHN,2015,6.3
CHN,2016,6.2
CHN,2017,5.5
CHN,2018,4.8
CHN,2019,4.8
CHN,2020,3.7
COL,1961,4.5
COL,1962,4.5
COL,1963,4.7
COL,1964,4.5
COL,1965,4.3
COL,1966,4.0
COL,1967,3.5
COL,1968,3.5
COL,1969,4.0
COL,1970,3.7
COL,1971,3.9
COL,1972,3.9
COL,1973,4.1
COL,1974,4.5
COL,1975,4.2
COL,1976,4.7
COL,1977,4.8
COL,1978,5.0
COL,1979,4.5
COL,1980,6.2
COL,1981,6.3
COL,1982,6.2
COL,1983,6.3
COL,1984,6.2
COL,1985,6.3
COL,1986,6.6
COL,1987,6.8
COL,1988,7.2
COL,1989,7.0
COL,1990,7.0
COL,1991,7.3
COL,1992,6.2
COL,1993,6.7
COL,1994,6.8
COL,1995,7.0
COL,1996,6.7
COL,1997,6.5
COL,1998,6.6
COL,1999,6.3
COL,2000,4.5
COL,2001,4.3
COL,2002,4.3
COL,2003,4.1
COL,2004,4.1
COL,2005,4.3
COL,2006,4.4
COL,2007,4.5
COL,2008,4.4
COL,2009,4.2
COL,2010,4.2
COL,2011,4.3
COL,2012,4.4
COL,2013,4.3
COL,2014,4.2
COL,2015,4.2
COL,2016,4.5
COL,2017,4.2
COL,2018,4.2
COL,2019,4.1
CRI,1961,3.2
CRI,1962,2.9
CRI,1963,3.8
CRI,1964,3.7
CRI,1965,4.1
CRI,1966,4.6
CRI,1967,3.4
CRI,1968,3.5
CRI,1969,3.7
CRI,1970,3.7
CRI,1971,3.6
CRI,1972,3.8
CRI,1973,3.9
CRI,1974,3.7
CRI,1975,3.5
CRI,1976,4.0
CRI,1977,4.5
CRI,1978,5.2
CRI,1979,5.0
CRI,1980,4.6
CRI,1981,4.6
CRI,1982,4.7
CRI,1983,4.5
CRI,1984,4.9
CRI,1985,5.0
CRI,1986,4.9
CRI,1987,4.2
CRI,1988,5.5
CRI,1989,5.4
CRI,1990,6.1
CRI,1991,6.1
CRI,1992,5.6
CRI,1993,5.6
CRI,1994,6.1
CRI,1995,5.9
CRI,1996,5.6
CRI,1997,5.6
CRI,1998,5.6
CRI,1999,5.4
CRI,2000,4.2
CRI,2001,4.3
CRI,2002,4.2
CRI,2003,4.1
CRI,2004,4.1
CRI,2005,4.1
CRI,2006,4.2
CRI,2007,4.3
CRI,2008,4.3
CRI,2009,4.1
CRI,2010,3.7
CRI,2011,3.3
CRI,2012,3.2
CRI,2013,3.1
CRI,2014,3.2
CRI,2015,3.2
CRI,2016,3.4
CRI,2017,3.3
CRI,2018,3.3
CRI,2019,3.1
CRI,2020,3.2
CRI,2021,3.6
CRI,2022,3.5
CRI,2023,3.4
HRV,1987,13.5
HRV,1988,11.1
HRV,1989,10.9
HRV,1990,15.9
HRV,1991,13.7
HRV,1992,11.5
HRV,1993,11.3
HRV,1994,11.6
HRV,1995,10.9
HRV,1996,11.1
HRV,1997,13.2
HRV,1998,13.8
HRV,1999,12.2
HRV,2000,13.2
HRV,2001,13.7
HRV,2002,13.9
HRV,2003,13.0
HRV,2004,12.4
HRV,2005,10.7
HRV,2006,11.0
HRV,2007,11.4
HRV,2008,11.4
HRV,2009,11.1
HRV,2010,11.3
HRV,2011,11.2
HRV,2012,11.1
HRV,2013,10.6
HRV,2014,10.3
HRV,2015,10.2
HRV,2016,10.3
HRV,2017,10.2
HRV,2018,10.1
HRV,2019,10.1
HRV,2020,9.0
CZE,1980,11.7
CZE,1981,12.3
CZE,1982,11.9
CZE,1983,12.2
CZE,1984,12.0
CZE,1985,11.7
CZE,1986,11.3
CZE,1987,10.4
CZE,1988,10.5
CZE,1989,10.5
CZE,1990,11.3
CZE,1991,11.5
CZE,1992,11.8
CZE,1993,11.5
CZE,1994,11.6
CZE,1995,11.5
CZE,1996,11.6
CZE,1997,11.9
CZE,1998,11.8
CZE,1999,11.9
CZE,2000,11.8
CZE,2001,11.8
CZE,2002,11.9
CZE,2003,12.1
CZE,2004,11.5
CZE,2005,12.0
CZE,2006,11.9
CZE,2007,12.1
CZE,2008,12.1
CZE,2009,12.1
CZE,2010,11.4
CZE,2011,11.5
CZE,2012,11.6
CZE,2013,11.5
CZE,2014,11.9
CZE,2015,11.5
CZE,2016,11.7
CZE,2017,11.6
CZE,2018,11.8
CZE,2019,11.9
CZE,2020,11.6
CZE,2021,11.6
CZE,2022,11.6
DNK,1960,6.0
DNK,1965,7.4
DNK,1966,7.9
DNK,1967,8.0
DNK,1968,8.3
DNK,1969,8.9
DNK,1970,9.7
DNK,1971,10.0
DNK,1972,10.8
DNK,1973,11.7
DNK,1974,11.4
DNK,1975,12.3
DNK,1976,12.7
DNK,1977,12.3
DNK,1978,11.7
DNK,1979,12.3
DNK,1980,12.4
DNK,1981,12.9
DNK,1982,13.3
DNK,1983,13.7
DNK,1984,13.0
DNK,1985,13.1
DNK,1986,12.8
DNK,1987,12.5
DNK,1988,12.5
DNK,1989,12.2
DNK,1990,12.3
DNK,1991,12.2
DNK,1992,12.5
DNK,1993,12.3
DNK,1994,12.5
DNK,1995,12.7
DNK,1996,12.7
DNK,1997,12.6
DNK,1998,12.1
DNK,1999,12.1
DNK,2000,12.2
DNK,2001,12.0
DNK,2002,11.8
DNK,2003,12.0
DNK,2004,11.8
DNK,2005,11.8
DNK,2006,11.6
DNK,2007,11.6
DNK,2008,11.3
DNK,2009,10.6
DNK,2010,10.8
DNK,2011,11.0
DNK,2012,9.8
DNK,2013,10.0
DNK,2014,10.1
DNK,2015,9.9
DNK,2016,10.0
DNK,2017,9.7
DNK,2018,9.7
DNK,2019,9.5
DNK,2020,9.7
DNK,2021,10.4
DNK,2022,9.5
EST,1990,9.8
EST,1991,9.1
EST,1992,7.8
EST,1993,8.1
EST,1994,8.2
EST,1995,8.3
EST,1996,8.0
EST,1997,8.3
EST,1998,8.0
EST,1999,8.9
EST,2000,9.0
EST,2001,10.1
EST,2002,12.0
EST,2003,11.8
EST,2004,11.5
EST,2005,13.0
EST,2006,13.4
EST,2007,14.8
EST,2008,14.2
EST,2009,11.9
EST,2010,11.4
EST,2011,12.0
EST,2012,12.1
EST,2013,11.9
EST,2014,11.1
EST,2015,10.6
EST,2016,10.2
EST,2017,10.3
EST,2018,10.0
EST,2019,10.4
EST,2020,10.8
EST,2021,11.1
EST,2022,11.2
FIN,1960,2.7
FIN,1961,2.9
FIN,1962,3.0
FIN,1963,3.1
FIN,1964,3.1
FIN,1965,3.3
FIN,1966,3.5
FIN,1967,3.6
FIN,1968,3.9
FIN,1969,5.7
FIN,1970,5.8
FIN,1971,6.4
FIN,1972,6.8
FIN,1973,7.4
FIN,1974,8.4
FIN,1975,8.0
FIN,1976,8.1
FIN,1977,8.2
FIN,1978,7.9
FIN,1979,7.8
FIN,1980,7.9
FIN,1981,8.0
FIN,1982,7.9
FIN,1983,7.9
FIN,1984,8.1
FIN,1985,8.0
FIN,1986,8.5
FIN,1987,8.8
FIN,1988,9.0
FIN,1989,9.4
FIN,1990,9.5
FIN,1991,9.2
FIN,1992,8.9
FIN,1993,8.4
FIN,1994,8.2
FIN,1995,8.3
FIN,1996,8.2
FIN,1997,8.6
FIN,1998,8.6
FIN,1999,8.6
FIN,2000,8.6
FIN,2001,9.0
FIN,2002,9.2
FIN,2003,9.3
FIN,2004,9.9
FIN,2005,10.0
FIN,2006,10.1
FIN,2007,10.5
FIN,2008,10.3
FIN,2009,10.0
FIN,2010,9.7
FIN,2011,9.8
FIN,2012,9.3
FIN,2013,9.1
FIN,2014,8.8
FIN,2015,8.5
FIN,2016,8.4
FIN,2017,8.4
FIN,2018,8.4
FIN,2019,8.2
FIN,2020,8.2
FIN,2021,8.1
FIN,2022,7.6
FRA,1970,23.2
FRA,1971,22.9
FRA,1972,22.6
FRA,1973,22.8
FRA,1974,22.5
FRA,1975,22.5
FRA,1976,22.2
FRA,1977,22.1
FRA,1978,21.1
FRA,1979,20.6
FRA,1980,20.1
FRA,1981,19.5
FRA,1982,19.4
FRA,1983,18.8
FRA,1984,17.9
FRA,1985,17.6
FRA,1986,17.1
FRA,1987,16.8
FRA,1988,16.8
FRA,1989,17.0
FRA,1990,15.4
FRA,1991,15.4
FRA,1992,15.4
FRA,1993,14.7
FRA,1994,14.6
FRA,1995,14.5
FRA,1996,14.5
FRA,1997,14.3
FRA,1998,14.5
FRA,1999,14.4
FRA,2000,13.9
FRA,2001,14.1
FRA,2002,13.9
FRA,2003,13.4
FRA,2004,13.1
FRA,2005,12.9
FRA,2006,13.1
FRA,2007,12.9
FRA,2008,12.5
FRA,2009,12.6
FRA,2010,12.3
FRA,2011,12.4
FRA,2012,12.2
FRA,2013,11.6
FRA,2014,12.0
FRA,2015,11.9
FRA,2016,11.7
FRA,2017,11.7
FRA,2018,11.6
FRA,2019,11.4
FRA,2020,10.4
FRA,2021,10.6
FRA,2022,10.8
DEU,1961,11.0
DEU,1962,12.1
DEU,1963,12.9
DEU,1964,13.7
DEU,1965,14.0
DEU,1966,13.6
DEU,1967,13.5
DEU,1968,14.0
DEU,1969,15.0
DEU,1970,15.5
DEU,1971,16.5
DEU,1972,16.3
DEU,1973,16.7
DEU,1974,15.9
DEU,1975,16.8
DEU,1976,17.2
DEU,1977,16.4
DEU,1978,16.3
DEU,1979,16.7
DEU,1980,16.5
DEU,1981,16.0
DEU,1982,15.7
DEU,1983,15.8
DEU,1984,15.1
DEU,1985,15.1
DEU,1986,14.7
DEU,1987,14.8
DEU,1988,14.6
DEU,1989,14.6
DEU,1990,14.9
DEU,1991,13.9
DEU,1992,13.8
DEU,1993,13.5
DEU,1994,13.4
DEU,1995,13.4
DEU,1996,13.1
DEU,1997,13.0
DEU,1998,12.7
DEU,1999,12.8
DEU,2000,12.9
DEU,2001,12.5
DEU,2002,12.3
DEU,2003,11.9
DEU,2004,11.8
DEU,2005,11.7
DEU,2006,11.8
DEU,2007,11.5
DEU,2008,11.4
DEU,2009,11.2
DEU,2010,11.6
DEU,2011,11.3
DEU,2012,11.3
DEU,2013,11.1
DEU,2014,11.1
DEU,2015,11.1
DEU,2016,11.0
DEU,2017,10.9
DEU,2018,10.9
DEU,2019,10.6
GRC,1963,9.7
GRC,1964,9.8
GRC,1965,10.0
GRC,1966,10.1
GRC,1967,10.1
GRC,1968,10.2
GRC,1969,10.2
GRC,1970,10.3
GRC,1971,10.4
GRC,1972,10.4
GRC,1973,10.7
GRC,1974,10.9
GRC,1975,10.9
GRC,1976,11.0
GRC,1977,10.9
GRC,1978,11.4
GRC,1979,11.6
GRC,1980,13.2
GRC,1981,12.0
GRC,1982,11.0
GRC,1983,11.8
GRC,1984,11.6
GRC,1985,10.9
GRC,1986,8.9
GRC,1987,9.8
GRC,1988,10.1
GRC,1989,10.2
GRC,1990,10.3
GRC,1991,10.2
GRC,1992,10.0
GRC,1993,10.7
GRC,1994,10.4
GRC,1995,10.1
GRC,1996,9.7
GRC,1997,9.5
GRC,1998,9.0
GRC,1999,9.5
GRC,2000,8.6
GRC,2001,8.8
GRC,2002,8.2
GRC,2003,8.9
GRC,2004,9.1
GRC,2005,9.2
GRC,2006,8.7
GRC,2007,8.9
GRC,2008,8.7
GRC,2009,8.3
GRC,2010,8.3
GRC,2011,7.5
GRC,2012,7.6
GRC,2013,7.6
GRC,2014,7.1
GRC,2015,6.7
GRC,2016,6.7
GRC,2017,6.7
GRC,2018,6.5
GRC,2019,6.3
HUN,1960,8.2
HUN,1961,8.1
HUN,1962,8.2
HUN,1963,8.6
HUN,1964,9.6
HUN,1965,8.9
HUN,1966,8.9
HUN,1967,9.7
HUN,1968,9.9
HUN,1969,11.1
HUN,1970,11.5
HUN,1971,11.9
HUN,1972,11.9
HUN,1973,11.9
HUN,1974,11.8
HUN,1975,12.6
HUN,1976,13.5
HUN,1977,14.4
HUN,1978,14.6
HUN,1979,14.1
HUN,1980,14.9
HUN,1981,14.8
HUN,1982,14.8
HUN,1983,14.5
HUN,1984,14.9
HUN,1985,14.7
HUN,1986,14.5
HUN,1987,13.5
HUN,1988,13.1
HUN,1989,14.1
HUN,1990,13.9
HUN,1991,13.3
HUN,1992,13.0
HUN,1993,13.1
HUN,1994,12.9
HUN,1995,12.2
HUN,1996,12.5
HUN,1997,12.3
HUN,1998,12.2
HUN,1999,12.2
HUN,2000,12.0
HUN,2001,13.2
HUN,2002,13.3
HUN,2003,13.2
HUN,2004,13.2
HUN,2005,13.0
HUN,2006,13.2
HUN,2007,12.6
HUN,2008,11.8
HUN,2009,11.5
HUN,2010,10.8
HUN,2011,11.4
HUN,2012,11.1
HUN,2013,10.6
HUN,2014,10.9
HUN,2015,10.8
HUN,2016,11.1
HUN,2017,10.7
HUN,2018,11.4
HUN,2019,10.7
HUN,2020,10.4
HUN,2021,10.5
HUN,2022,10.6
ISL,1961,3.0
ISL,1962,3.4
ISL,1963,3.6
ISL,1964,3.6
ISL,1965,3.8
ISL,1966,4.2
ISL,1967,4.4
ISL,1968,3.9
ISL,1969,3.9
ISL,1970,4.6
ISL,1971,4.9
ISL,1972,5.0
ISL,1973,5.2
ISL,1974,5.3
ISL,1975,4.8
ISL,1976,4.8
ISL,1977,5.1
ISL,1978,4.8
ISL,1979,5.1
ISL,1980,5.0
ISL,1981,5.1
ISL,1982,4.9
ISL,1983,5.1
ISL,1984,5.4
ISL,1985,5.3
ISL,1986,5.5
ISL,1987,5.6
ISL,1988,5.5
ISL,1989,5.4
ISL,1990,5.1
ISL,1991,5.0
ISL,1992,4.6
ISL,1993,4.4
ISL,1994,4.6
ISL,1995,4.7
ISL,1996,4.8
ISL,1997,5.1
ISL,1998,5.5
ISL,1999,5.9
ISL,2000,6.2
ISL,2001,6.4
ISL,2002,6.6
ISL,2003,6.6
ISL,2004,6.8
ISL,2005,7.1
ISL,2006,7.2
ISL,2007,7.5
ISL,2008,7.2
ISL,2009,7.2
ISL,2010,6.8
ISL,2011,6.8
ISL,2012,6.8
ISL,2013,6.8
ISL,2014,7.0
ISL,2015,7.7
ISL,2016,7.5
ISL,2017,7.7
ISL,2018,7.7
ISL,2019,7.4
ISL,2020,7.4
IND,1961,0.7
IND,1962,0.7
IND,1963,0.6
IND,1964,0.7
IND,1965,0.6
IND,1966,0.7
IND,1967,0.7
IND,1968,0.8
IND,1969,0.9
IND,1970,0.8
IND,1971,0.9
IND,1972,0.9
IND,1973,1.0
IND,1974,1.0
IND,1975,1.0
IND,1976,1.1
IND,1977,1.1
IND,1978,1.1
IND,1979,1.1
IND,1980,1.1
IND,1981,1.1
IND,1982,1.2
IND,1983,1.2
IND,1984,1.2
IND,1985,1.3
IND,1986,1.3
IND,1987,1.5
IND,1988,1.6
IND,1989,1.7
IND,1990,1.7
IND,1991,1.8
IND,1992,1.6
IND,1993,1.8
IND,1994,1.7
IND,1995,1.8
IND,1996,1.9
IND,1997,1.5
IND,1998,1.4
IND,1999,1.7
IND,2000,0.9
IND,2001,1.0
IND,2002,1.1
IND,2003,1.2
IND,2004,1.2
IND,2005,1.3
IND,2006,1.4
IND,2007,1.6
IND,2008,1.9
IND,2009,2.5
IND,2010,2.7
IND,2011,2.9
IND,2012,3.0
IND,2013,3.0
IND,2014,3.0
IND,2015,3.0
IND,2016,2.9
IND,2017,2.9
IND,2018,3.0
IND,2019,3.0
IND,2020,2.4
IDN,1961,0.0
IDN,1962,0.0
IDN,1963,0.0
IDN,1964,0.0
IDN,1965,0.0
IDN,1966,0.0
IDN,1967,0.0
IDN,1968,0.0
IDN,1969,0.0
IDN,1970,0.1
IDN,1971,0.1
IDN,1972,0.1
IDN,1973,0.1
IDN,1974,0.1
IDN,1975,0.1
IDN,1976,0.1
IDN,1977,0.1
IDN,1978,0.1
IDN,1979,0.1
IDN,1980,0.1
IDN,1981,0.1
IDN,1982,0.1
IDN,1983,0.1
IDN,1984,0.1
IDN,1985,0.1
IDN,1986,0.1
IDN,1987,0.1
IDN,1988,0.1
IDN,1989,0.1
IDN,1990,0.1
IDN,1991,0.1
IDN,1992,0.1
IDN,1993,0.1
IDN,1994,0.1
IDN,1995,0.1
IDN,1996,0.1
IDN,1997,0.1
IDN,1998,0.1
IDN,1999,0.1
IDN,2000,0.1
IDN,2001,0.1
IDN,2002,0.1
IDN,2003,0.1
IDN,2004,0.1
IDN,2005,0.1
IDN,2006,0.1
IDN,2007,0.1
IDN,2008,0.1
IDN,2009,0.1
IDN,2010,0.1
IDN,2011,0.1
IDN,2012,0.1
IDN,2013,0.1
IDN,2014,0.1
IDN,2015,0.1
IDN,2016,0.1
IDN,2017,0.1
IDN,2018,0.1
IDN,2019,0.1
IDN,2020,0.1
IRL,1960,4.9
IRL,1961,5.0
IRL,1962,5.5
IRL,1963,5.2
IRL,1964,5.6
IRL,1965,5.8
IRL,1966,5.9
IRL,1967,5.9
IRL,1968,6.1
IRL,1969,6.5
IRL,1970,7.0
IRL,1971,7.3
IRL,1972,7.7
IRL,1973,8.2
IRL,1974,9.3
IRL,1975,9.2
IRL,1976,9.0
IRL,1977,9.2
IRL,1978,9.8
IRL,1979,10.0
IRL,1980,9.6
IRL,1981,9.1
IRL,1982,8.8
IRL,1983,8.0
IRL,1984,9.6
IRL,1985,10.0
IRL,1986,9.6
IRL,1987,9.5
IRL,1988,9.9
IRL,1989,10.2
IRL,1990,11.2
IRL,1991,11.2
IRL,1992,11.4
IRL,1993,11.2
IRL,1994,11.2
IRL,1995,11.5
IRL,1996,12.2
IRL,1997,12.8
IRL,1998,13.2
IRL,1999,13.8
IRL,2000,14.2
IRL,2001,14.5
IRL,2002,14.3
IRL,2003,13.5
IRL,2004,13.6
IRL,2005,13.4
IRL,2006,13.4
IRL,2007,13.2
IRL,2008,12.2
IRL,2009,11.0
IRL,2010,11.6
IRL,2011,11.7
IRL,2012,11.5
IRL,2013,10.6
IRL,2014,10.8
IRL,2015,10.7
IRL,2016,11.2
IRL,2017,11.0
IRL,2018,11.0
IRL,2019,10.8
IRL,2020,10.1
IRL,2021,9.5
IRL,2022,10.2
IRL,2023,9.9
ISR,1961,4.4
ISR,1962,4.8
ISR,1963,4.1
ISR,1964,5.1
ISR,1965,4.9
ISR,1966,4.4
ISR,1967,4.5
ISR,1968,4.5
ISR,1969,4.9
ISR,1970,4.6
ISR,1971,4.7
ISR,1972,4.9
ISR,1973,4.9
ISR,1974,4.7
ISR,1975,5.1
ISR,1976,5.0
ISR,1977,3.9
ISR,1978,3.5
ISR,1979,3.1
ISR,1980,2.9
ISR,1981,2.8
ISR,1982,2.7
ISR,1983,2.8
ISR,1984,2.7
ISR,1985,2.7
ISR,1986,2.3
ISR,1987,2.3
ISR,1988,2.2
ISR,1989,2.0
ISR,1990,1.8
ISR,1991,1.7
ISR,1992,1.8
ISR,1993,2.2
ISR,1994,1.7
ISR,1995,1.5
ISR,1996,1.6
ISR,1997,2.0
ISR,1998,2.1
ISR,1999,2.0
ISR,2000,2.6
ISR,2001,2.8
ISR,2002,2.8
ISR,2003,2.6
ISR,2004,2.4
ISR,2005,2.5
ISR,2006,2.3
ISR,2007,2.5
ISR,2008,2.6
ISR,2009,2.7
ISR,2010,2.8
ISR,2011,2.8
ISR,2012,2.9
ISR,2013,2.9
ISR,2014,2.7
ISR,2015,2.7
ISR,2016,2.7
ISR,2017,2.9
ISR,2018,3.0
ISR,2019,3.1
ITA,1961,19.2
ITA,1962,19.4
ITA,1963,18.2
ITA,1964,17.8
ITA,1965,18.4
ITA,1966,18.7
ITA,1967,19.0
ITA,1968,19.7
ITA,1969,19.7
ITA,1970,19.7
ITA,1971,19.6
ITA,1972,19.5
ITA,1973,19.9
ITA,1974,19.7
ITA,1975,18.3
ITA,1976,17.6
ITA,1977,17.0
ITA,1978,16.5
ITA,1979,16.5
ITA,1980,16.7
ITA,1981,15.1
ITA,1982,14.5
ITA,1983,14.6
ITA,1984,14.1
ITA,1985,13.2
ITA,1986,12.4
ITA,1987,11.8
ITA,1988,11.4
ITA,1989,11.0
ITA,1990,11.0
ITA,1991,10.8
ITA,1992,10.6
ITA,1993,10.3
ITA,1994,10.1
ITA,1995,9.6
ITA,1996,9.1
ITA,1997,9.1
ITA,1998,9.0
ITA,1999,8.9
ITA,2000,9.8
ITA,2001,9.7
ITA,2002,9.3
ITA,2003,9.3
ITA,2004,9.0
ITA,2005,8.7
ITA,2006,8.4
ITA,2007,8.4
ITA,2008,8.0
ITA,2009,7.3
ITA,2010,7.0
ITA,2011,7.0
ITA,2012,7.5
ITA,2013,7.4
ITA,2014,7.6
ITA,2015,7.1
ITA,2016,7.1
ITA,2017,7.4
ITA,2018,7.8
ITA,2019,7.7
JPN,1963,5.0
JPN,1964,5.2
JPN,1965,5.3
JPN,1966,5.3
JPN,1967,5.4
JPN,1968,5.5
JPN,1969,5.8
JPN,1970,6.1
JPN,1971,6.1
JPN,1972,6.2
JPN,1973,6.5
JPN,1974,6.6
JPN,1975,6.7
JPN,1976,6.7
JPN,1977,7.0
JPN,1978,7.0
JPN,1979,7.2
JPN,1980,7.1
JPN,1981,7.2
JPN,1982,7.3
JPN,1983,7.5
JPN,1984,7.4
JPN,1985,7.3
JPN,1986,7.5
JPN,1987,7.9
JPN,1988,8.3
JPN,1989,8.6
JPN,1990,9.2
JPN,1991,8.9
JPN,1992,8.9
JPN,1993,9.2
JPN,1994,9.1
JPN,1995,8.9
JPN,1996,9.0
JPN,1997,8.8
JPN,1998,8.7
JPN,1999,8.8
JPN,2000,8.6
JPN,2001,8.6
JPN,2002,8.4
JPN,2003,8.4
JPN,2004,8.2
JPN,2005,8.5
JPN,2006,7.9
JPN,2007,7.7
JPN,2008,7.5
JPN,2009,7.4
JPN,2010,7.3
JPN,2011,7.3
JPN,2012,7.2
JPN,2013,7.4
JPN,2014,7.1
JPN,2015,7.2
JPN,2016,7.2
JPN,2017,7.2
JPN,2018,7.2
JPN,2019,7.1
JPN,2020,6.7
JPN,2021,6.6
JPN,2022,6.8
KOR,1961,6.0
KOR,1962,7.0
KOR,1963,5.9
KOR,1964,5.2
KOR,1965,6.0
KOR,1966,7.6
KOR,1967,8.9
KOR,1968,8.4
KOR,1969,9.4
KOR,1970,11.3
KOR,1971,14.4
KOR,1972,15.2
KOR,1973,16.8
KOR,1974,16.6
KOR,1975,15.2
KOR,1976,16.0
KOR,1977,16.7
KOR,1978,14.3
KOR,1979,14.4
KOR,1980,14.8
KOR,1981,14.2
KOR,1982,13.7
KOR,1983,10.7
KOR,1984,10.7
KOR,1985,10.2
KOR,1986,10.3
KOR,1987,10.2
KOR,1988,9.5
KOR,1989,9.5
KOR,1990,9.1
KOR,1991,8.8
KOR,1992,8.9
KOR,1993,8.7
KOR,1994,9.1
KOR,1995,8.9
KOR,1996,9.1
KOR,1997,8.9
KOR,1998,8.7
KOR,1999,9.2
KOR,2000,8.9
KOR,2001,8.5
KOR,2002,9.2
KOR,2003,9.3
KOR,2004,9.3
KOR,2005,9.0
KOR,2006,9.2
KOR,2007,9.3
KOR,2008,9.5
KOR,2009,8.9
KOR,2010,8.9
KOR,2011,8.9
KOR,2012,9.0
KOR,2013,8.7
KOR,2014,8.9
KOR,2015,9.1
KOR,2016,8.7
KOR,2017,8.7
KOR,2018,8.5
KOR,2019,8.3
KOR,2020,7.9
KOR,2021,7.7
KOR,2022,8.0
LVA,1980,13.0
LVA,1981,12.8
LVA,1982,12.4
LVA,1983,12.3
LVA,1984,12.4
LVA,1985,10.9
LVA,1986,7.8
LVA,1987,5.8
LVA,1988,6.3
LVA,1989,7.5
LVA,1990,6.7
LVA,1991,6.7
LVA,1992,6.9
LVA,1993,8.0
LVA,1994,9.6
LVA,1995,9.1
LVA,1996,8.4
LVA,1997,8.4
LVA,1998,8.9
LVA,1999,8.8
LVA,2000,7.1
LVA,2001,6.7
LVA,2002,7.4
LVA,2003,8.2
LVA,2004,8.8
LVA,2005,9.9
LVA,2006,10.4
LVA,2007,12.1
LVA,2008,11.8
LVA,2009,9.9
LVA,2010,9.8
LVA,2011,10.1
LVA,2012,10.2
LVA,2013,10.4
LVA,2014,10.6
LVA,2015,10.8
LVA,2016,11.3
LVA,2017,10.9
LVA,2018,11.0
LVA,2019,11.6
LVA,2020,12.1
LVA,2021,12.2
LVA,2022,11.9
LTU,1995,7.9
LTU,1996,7.9
LTU,1997,8.7
LTU,1998,8.0
LTU,1999,8.6
LTU,2000,9.7
LTU,2001,10.5
LTU,2002,11.1
LTU,2003,11.3
LTU,2004,12.2
LTU,2005,12.5
LTU,2006,13.2
LTU,2007,13.9
LTU,2008,13.9
LTU,2009,13.1
LTU,2010,13.5
LTU,2011,14.7
LTU,2012,14.7
LTU,2013,14.5
LTU,2014,14.2
LTU,2015,14.0
LTU,2016,13.2
LTU,2017,12.3
LTU,2018,11.2
LTU,2019,11.1
LTU,2020,11.4
LTU,2021,12.1
LTU,2022,11.2
LUX,1961,18.5
LUX,1962,18.3
LUX,1963,18.7
LUX,1964,18.8
LUX,1965,18.7
LUX,1966,18.5
LUX,1967,18.3
LUX,1968,18.3
LUX,1969,18.6
LUX,1970,18.7
LUX,1971,19.0
LUX,1972,18.7
LUX,1973,19.1
LUX,1974,18.5
LUX,1975,19.0
LUX,1976,19.0
LUX,1977,18.6
LUX,1978,18.1
LUX,1979,18.0
LUX,1980,17.7
LUX,1981,17.2
LUX,1982,17.0
LUX,1983,16.7
LUX,1984,16.0
LUX,1985,15.9
LUX,1986,15.4
LUX,1987,15.4
LUX,1988,15.2
LUX,1989,15.3
LUX,1990,15.3
LUX,1991,14.4
LUX,1992,14.3
LUX,1993,13.9
LUX,1994,13.7
LUX,1995,13.7
LUX,1996,13.4
LUX,1997,13.2
LUX,1998,13.0
LUX,1999,13.0
LUX,2000,13.4
LUX,2001,13.3
LUX,2002,13.1
LUX,2003,12.7
LUX,2004,12.5
LUX,2005,12.3
LUX,2006,12.4
LUX,2007,12.2
LUX,2008,12.0
LUX,2009,11.9
LUX,2010,11.9
LUX,2011,11.8
LUX,2012,11.8
LUX,2013,11.4
LUX,2014,11.6
LUX,2015,11.5
LUX,2016,11.4
LUX,2017,11.3
LUX,2018,11.1
LUX,2019,11.0
MEX,1961,2.8
MEX,1962,2.8
MEX,1963,2.6
MEX,1964,2.9
MEX,1965,3.1
MEX,1966,3.1
MEX,1967,3.5
MEX,1968,3.4
MEX,1969,3.5
MEX,1970,3.4
MEX,1971,3.1
MEX,1972,3.3
MEX,1973,3.5
MEX,1974,3.8
MEX,1975,3.9
MEX,1976,4.0
MEX,1977,4.3
MEX,1978,4.0
MEX,1979,4.3
MEX,1980,4.5
MEX,1981,4.8
MEX,1982,4.5
MEX,1983,4.3
MEX,1984,4.4
MEX,1985,4.5
MEX,1986,4.4
MEX,1987,4.7
MEX,1988,4.5
MEX,1989,5.1
MEX,1990,4.9
MEX,1991,4.8
MEX,1992,5.3
MEX,1993,5.2
MEX,1994,5.2
MEX,1995,5.1
MEX,1996,5.3
MEX,1997,4.8
MEX,1998,4.9
MEX,1999,4.9
MEX,2000,5.2
MEX,2001,5.0
MEX,2002,4.9
MEX,2003,5.0
MEX,2004,5.0
MEX,2005,5.0
MEX,2006,5.2
MEX,2007,4.1
MEX,2008,4.0
MEX,2009,4.3
MEX,2010,4.0
MEX,2011,4.0
MEX,2012,3.9
MEX,2013,3.8
MEX,2014,4.0
MEX,2015,4.3
MEX,2016,4.4
MEX,2017,4.7
MEX,2018,4.8
MEX,2019,4.9
MEX,2020,4.2
MEX,2021,5.1
NLD,1960,3.7
NLD,1961,3.7
NLD,1962,4.3
NLD,1963,4.8
NLD,1964,5.0
NLD,1965,5.9
NLD,1966,5.4
NLD,1967,6.2
NLD,1968,6.5
NLD,1969,7.2
NLD,1970,7.8
NLD,1971,8.5
NLD,1972,9.3
NLD,1973,10.3
NLD,1974,10.8
NLD,1975,11.9
NLD,1976,11.2
NLD,1977,11.7
NLD,1978,11.9
NLD,1979,12.2
NLD,1980,11.5
NLD,1981,11.3
NLD,1982,11.0
NLD,1983,11.2
NLD,1984,10.8
NLD,1985,10.6
NLD,1986,10.6
NLD,1987,10.2
NLD,1988,10.2
NLD,1989,10.0
NLD,1990,9.9
NLD,1991,10.0
NLD,1992,10.0
NLD,1993,9.7
NLD,1994,9.7
NLD,1995,9.8
NLD,1996,9.9
NLD,1997,10.1
NLD,1998,9.9
NLD,1999,10.1
NLD,2000,10.1
NLD,2001,10.0
NLD,2002,9.8
NLD,2003,9.7
NLD,2004,9.6
NLD,2005,9.6
NLD,2006,9.6
NLD,2007,9.6
NLD,2008,9.7
NLD,2009,9.4
NLD,2010,9.1
NLD,2011,9.0
NLD,2012,9.1
NLD,2013,8.7
NLD,2014,8.4
NLD,2015,8.3
NLD,2016,8.2
NLD,2017,8.3
NLD,2018,8.3
NLD,2019,8.2
NLD,2020,7.8
NLD,2021,8.2
NLD,2022,8.5
NZL,1960,7.9
NZL,1965,8.6
NZL,1970,9.8
NZL,1971,10.4
NZL,1972,10.6
NZL,1973,11.3
NZL,1974,11.5
NZL,1975,11.5
NZL,1976,11.6
NZL,1977,11.5
NZL,1978,12.1
NZL,1979,11.6
NZL,1980,11.8
NZL,1981,11.7
NZL,1982,11.7
NZL,1983,10.6
NZL,1984,11.0
NZL,1985,10.8
NZL,1986,11.3
NZL,1987,10.3
NZL,1988,10.1
NZL,1989,10.2
NZL,1990,10.3
NZL,1991,9.9
NZL,1992,9.8
NZL,1993,9.3
NZL,1994,9.5
NZL,1995,9.3
NZL,1996,8.8
NZL,1997,8.7
NZL,1998,8.7
NZL,1999,8.9
NZL,2000,8.9
NZL,2001,8.7
NZL,2002,9.1
NZL,2003,8.9
NZL,2004,9.1
NZL,2005,9.3
NZL,2006,9.3
NZL,2007,9.2
NZL,2008,9.5
NZL,2009,9.3
NZL,2010,9.6
NZL,2011,9.5
NZL,2012,9.2
NZL,2013,9.2
NZL,2014,9.1
NZL,2015,8.7
NZL,2016,8.9
NZL,2017,8.8
NZL,2018,8.8
NZL,2019,8.8
NZL,2020,8.7
NZL,2021,8.8
NZL,2022,8.7
NZL,2023,8.2
NOR,1960,3.4
NOR,1961,3.5
NOR,1962,3.5
NOR,1963,3.6
NOR,1964,3.5
NOR,1965,3.7
NOR,1966,3.8
NOR,1967,4.0
NOR,1968,4.3
NOR,1969,4.4
NOR,1970,4.7
NOR,1971,4.9
NOR,1972,5.0
NOR,1973,5.1
NOR,1974,5.5
NOR,1975,5.5
NOR,1976,5.7
NOR,1977,5.7
NOR,1978,5.2
NOR,1979,5.6
NOR,1980,6.0
NOR,1981,5.3
NOR,1982,4.8
NOR,1983,4.9
NOR,1984,5.0
NOR,1985,5.2
NOR,1986,5.3
NOR,1987,5.4
NOR,1988,5.3
NOR,1989,5.1
NOR,1990,5.0
NOR,1991,4.9
NOR,1992,4.7
NOR,1993,4.6
NOR,1994,4.7
NOR,1995,4.8
NOR,1996,5.0
NOR,1997,5.3
NOR,1998,5.2
NOR,1999,5.5
NOR,2000,5.7
NOR,2001,5.5
NOR,2002,5.9
NOR,2003,6.0
NOR,2004,6.2
NOR,2005,6.4
NOR,2006,6.5
NOR,2007,6.6
NOR,2008,6.8
NOR,2009,6.7
NOR,2010,6.6
NOR,2011,6.4
NOR,2012,6.2
NOR,2013,6.2
NOR,2014,6.1
NOR,2015,6.0
NOR,2016,6.0
NOR,2017,6.0
NOR,2018,6.0
NOR,2019,6.1
NOR,2020,7.2
NOR,2021,7.4
NOR,2022,6.6
NOR,2023,6.4
PER,1961,7.0
PER,1962,6.8
PER,1963,5.6
PER,1964,6.0
PER,1965,6.8
PER,1966,7.1
PER,1967,5.9
PER,1968,6.5
PER,1969,6.1
PER,1970,6.1
PER,1971,6.5
PER,1972,6.2
PER,1973,6.5
PER,1974,6.5
PER,1975,6.6
PER,1976,6.8
PER,1977,6.5
PER,1978,5.9
PER,1979,6.0
PER,1980,6.0
PER,1981,5.9
PER,1982,5.8
PER,1983,6.1
PER,1984,5.7
PER,1985,5.1
PER,1986,6.0
PER,1987,6.7
PER,1988,5.5
PER,1989,5.0
PER,1990,5.0
PER,1991,5.3
PER,1992,5.6
PER,1993,5.0
PER,1994,5.3
PER,1995,5.2
PER,1996,4.7
PER,1997,4.6
PER,1998,4.3
PER,1999,4.1
PER,2000,4.8
PER,2001,4.1
PER,2002,3.9
PER,2003,4.6
PER,2004,4.5
PER,2005,4.7
PER,2006,4.5
PER,2007,4.5
PER,2008,5.0
PER,2009,5.0
PER,2010,5.7
PER,2011,6.2
PER,2012,6.2
PER,2013,6.1
PER,2014,5.9
PER,2015,5.7
PER,2016,5.7
PER,2017,5.7
PER,2018,5.7
PER,2019,5.7
PER,2020,4.7
POL,1961,6.3
POL,1962,6.1
POL,1963,6.2
POL,1964,6.2
POL,1965,6.4
POL,1966,6.6
POL,1967,6.9
POL,1968,7.4
POL,1969,7.7
POL,1970,7.6
POL,1971,8.0
POL,1972,8.6
POL,1973,9.2
POL,1974,8.7
POL,1975,9.6
POL,1976,10.8
POL,1977,11.3
POL,1978,10.9
POL,1979,10.9
POL,1980,11.5
POL,1981,8.7
POL,1982,8.5
POL,1983,8.6
POL,1984,8.7
POL,1985,9.4
POL,1986,9.7
POL,1987,9.7
POL,1988,9.5
POL,1989,9.2
POL,1990,8.3
POL,1991,8.8
POL,1992,8.3
POL,1993,8.4
POL,1994,8.3
POL,1995,8.1
POL,1996,8.1
POL,1997,8.6
POL,1998,8.4
POL,1999,8.3
POL,2000,8.4
POL,2001,7.8
POL,2002,8.1
POL,2003,9.1
POL,2004,9.2
POL,2005,9.1
POL,2006,9.9
POL,2007,10.3
POL,2008,10.8
POL,2009,10.2
POL,2010,10.0
POL,2011,10.3
POL,2012,10.2
POL,2013,10.8
POL,2014,10.5
POL,2015,10.5
POL,2016,10.5
POL,2017,10.6
POL,2018,10.7
POL,2019,11.0
POL,2020,10.9
POL,2021,11.0
PRT,1961,15.0
PRT,1962,15.2
PRT,1963,18.5
PRT,1964,19.4
PRT,1965,19.5
PRT,1966,16.9
PRT,1967,17.0
PRT,1968,18.3
PRT,1969,14.0
PRT,1970,19.9
PRT,1971,16.0
PRT,1972,16.2
PRT,1973,19.1
PRT,1974,18.3
PRT,1975,19.6
PRT,1976,16.9
PRT,1977,13.7
PRT,1978,14.0
PRT,1979,14.2
PRT,1980,14.9
PRT,1981,15.4
PRT,1982,17.0
PRT,1983,15.9
PRT,1984,16.4
PRT,1985,13.9
PRT,1986,13.5
PRT,1987,12.4
PRT,1988,12.9
PRT,1989,14.6
PRT,1990,14.4
PRT,1991,14.0
PRT,1992,13.6
PRT,1993,13.4
PRT,1994,13.3
PRT,1995,12.8
PRT,1996,12.1
PRT,1997,11.8
PRT,1998,11.7
PRT,1999,13.2
PRT,2000,12.8
PRT,2001,12.6
PRT,2002,12.5
PRT,2003,12.2
PRT,2004,12.3
PRT,2005,12.0
PRT,2006,11.8
PRT,2007,11.5
PRT,2008,11.5
PRT,2009,11.5
PRT,2010,11.3
PRT,2011,10.9
PRT,2012,9.8
PRT,2013,9.5
PRT,2014,10.2
PRT,2015,10.3
PRT,2016,10.4
PRT,2017,10.4
PRT,2018,10.4
PRT,2019,10.4
ROU,1961,5.7
ROU,1962,6.9
ROU,1963,7.0
ROU,1964,7.0
ROU,1965,7.2
ROU,1966,7.3
ROU,1967,7.1
ROU,1968,7.7
ROU,1969,8.0
ROU,1970,8.6
ROU,1971,8.8
ROU,1972,9.0
ROU,1973,10.2
ROU,1974,10.3
ROU,1975,9.7
ROU,1976,9.4
ROU,1977,9.6
ROU,1978,10.5
ROU,1979,11.4
ROU,1980,10.9
ROU,1981,10.5
ROU,1982,10.3
ROU,1983,10.2
ROU,1984,10.1
ROU,1985,10.1
ROU,1986,10.3
ROU,1987,10.3
ROU,1988,10.4
ROU,1989,8.7
ROU,1990,8.9
ROU,1991,8.9
ROU,1992,8.8
ROU,1993,9.0
ROU,1994,7.8
ROU,1995,8.2
ROU,1996,8.1
ROU,1997,8.7
ROU,1998,7.3
ROU,1999,7.7
ROU,2000,9.0
ROU,2001,12.1
ROU,2002,13.2
ROU,2003,11.6
ROU,2004,11.8
ROU,2005,9.6
ROU,2006,9.9
ROU,2007,11.0
ROU,2008,12.4
ROU,2009,11.0
ROU,2010,9.9
ROU,2011,9.5
ROU,2012,9.6
ROU,2013,9.6
ROU,2014,9.5
ROU,2015,9.4
ROU,2016,9.5
ROU,2017,10.2
ROU,2018,10.9
ROU,2019,10.8
ROU,2020,10.3
ROU,2021,11.5
ROU,2022,11.6
RUS,1990,16.5
RUS,1991,16.1
RUS,1992,18.5
RUS,1993,21.7
RUS,1994,23.6
RUS,1995,21.0
RUS,1996,19.2
RUS,1997,17.5
RUS,1998,16.9
RUS,1999,17.5
RUS,2000,18.8
RUS,2001,19.4
RUS,2002,19.8
RUS,2003,19.8
RUS,2004,19.3
RUS,2008,18.4
RUS,2009,16.1
RUS,2010,15.8
RUS,2011,15.4
RUS,2012,14.8
RUS,2013,14.1
RUS,2014,14.0
RUS,2015,13.3
RUS,2016,13.0
RUS,2017,11.1
RUS,2018,11.1
RUS,2019,10.8
SVK,1960,6.9
SVK,1961,7.1
SVK,1962,7.4
SVK,1963,8.1
SVK,1964,9.3
SVK,1965,10.5
SVK,1966,11.1
SVK,1967,11.6
SVK,1968,11.8
SVK,1969,12.2
SVK,1970,12.8
SVK,1971,13.6
SVK,1972,13.8
SVK,1973,13.7
SVK,1974,13.8
SVK,1975,14.3
SVK,1976,14.1
SVK,1977,14.9
SVK,1978,14.9
SVK,1979,14.1
SVK,1980,14.5
SVK,1981,14.5
SVK,1982,14.7
SVK,1983,14.2
SVK,1984,13.9
SVK,1985,13.9
SVK,1986,13.2
SVK,1987,13.3
SVK,1988,12.9
SVK,1989,13.0
SVK,1990,13.4
SVK,1991,13.7
SVK,1992,12.7
SVK,1993,12.1
SVK,1994,10.6
SVK,1995,10.3
SVK,1996,10.7
SVK,1997,10.8
SVK,1998,10.0
SVK,1999,10.0
SVK,2000,11.0
SVK,2001,10.8
SVK,2002,10.8
SVK,2003,9.9
SVK,2004,10.1
SVK,2005,11.0
SVK,2006,10.6
SVK,2007,10.7
SVK,2008,11.2
SVK,2009,10.7
SVK,2010,10.1
SVK,2011,10.2
SVK,2012,10.1
SVK,2013,9.9
SVK,2014,10.1
SVK,2015,10.2
SVK,2016,9.9
SVK,2017,9.7
SVK,2018,10.1
SVK,2019,10.3
SVK,2020,10.2
SVK,2021,9.6
SVK,2022,9.5
SVN,1981,16.9
SVN,1982,19.5
SVN,1983,17.3
SVN,1984,17.2
SVN,1985,15.1
SVN,1986,18.1
SVN,1987,16.6
SVN,1988,15.0
SVN,1989,13.0
SVN,1990,13.8
SVN,1991,13.2
SVN,1992,13.6
SVN,1993,14.3
SVN,1994,13.4
SVN,1995,13.4
SVN,1996,12.0
SVN,1997,11.2
SVN,1998,8.3
SVN,1999,10.6
SVN,2000,11.2
SVN,2001,13.0
SVN,2002,11.6
SVN,2003,11.2
SVN,2004,13.5
SVN,2005,10.3
SVN,2006,12.2
SVN,2007,11.0
SVN,2008,11.0
SVN,2009,10.5
SVN,2010,10.3
SVN,2011,10.6
SVN,2012,11.0
SVN,2013,9.5
SVN,2014,10.9
SVN,2015,11.5
SVN,2016,10.5
SVN,2017,10.1
SVN,2018,10.0
SVN,2019,11.1
SVN,2020,9.8
SVN,2021,10.6
SVN,2022,10.0
ZAF,1961,7.4
ZAF,1962,8.1
ZAF,1963,5.4
ZAF,1964,5.9
ZAF,1965,6.4
ZAF,1966,6.6
ZAF,1967,6.7
ZAF,1968,6.9
ZAF,1969,7.2
ZAF,1970,7.4
ZAF,1971,7.3
ZAF,1972,7.5
ZAF,1973,8.2
ZAF,1974,8.7
ZAF,1975,8.4
ZAF,1976,7.9
ZAF,1977,7.5
ZAF,1978,7.5
ZAF,1979,8.2
ZAF,1980,8.6
ZAF,1981,8.8
ZAF,1982,8.6
ZAF,1983,8.5
ZAF,1984,8.8
ZAF,1985,8.4
ZAF,1986,8.9
ZAF,1987,9.0
ZAF,1988,9.2
ZAF,1989,9.2
ZAF,1990,9.2
ZAF,1991,9.0
ZAF,1992,9.1
ZAF,1993,8.8
ZAF,1994,9.2
ZAF,1995,9.0
ZAF,1996,10.8
ZAF,1997,10.8
ZAF,1998,10.6
ZAF,1999,10.8
ZAF,2000,7.7
ZAF,2001,7.6
ZAF,2002,7.5
ZAF,2003,7.3
ZAF,2004,7.2
ZAF,2005,7.2
ZAF,2006,7.3
ZAF,2007,7.5
ZAF,2008,7.5
ZAF,2009,7.3
ZAF,2010,7.2
ZAF,2011,7.3
ZAF,2012,7.5
ZAF,2013,7.5
ZAF,2014,7.5
ZAF,2015,7.5
ZAF,2016,7.4
ZAF,2017,7.3
ZAF,2018,7.4
ZAF,2019,7.4
ZAF,2020,5.7
ESP,1962,14.6
ESP,1963,13.6
ESP,1964,13.9
ESP,1965,14.6
ESP,1966,16.0
ESP,1967,14.5
ESP,1968,14.9
ESP,1969,15.2
ESP,1970,15.3
ESP,1971,15.1
ESP,1972,16.3
ESP,1973,18.0
ESP,1974,18.4
ESP,1975,18.5
ESP,1976,17.9
ESP,1977,17.1
ESP,1978,18.3
ESP,1979,17.7
ESP,1980,17.7
ESP,1981,16.8
ESP,1982,16.2
ESP,1983,16.2
ESP,1984,14.5
ESP,1985,14.5
ESP,1986,14.4
ESP,1987,14.4
ESP,1988,13.5
ESP,1989,13.3
ESP,1990,12.9
ESP,1991,12.8
ESP,1992,12.1
ESP,1993,11.6
ESP,1994,11.3
ESP,1995,11.0
ESP,1996,10.8
ESP,1997,11.6
ESP,1998,11.5
ESP,1999,11.3
ESP,2000,11.8
ESP,2001,12.4
ESP,2002,10.7
ESP,2003,11.4
ESP,2004,11.7
ESP,2005,11.9
ESP,2006,11.9
ESP,2007,11.1
ESP,2008,10.2
ESP,2009,10.0
ESP,2010,9.8
ESP,2011,9.6
ESP,2012,9.4
ESP,2013,9.2
ESP,2014,9.5
ESP,2015,10.4
ESP,2016,10.9
ESP,2017,10.9
ESP,2018,10.4
ESP,2019,10.7
ESP,2020,8.7
ESP,2021,10.4
ESP,2022,11.8
SWE,1960,4.8
SWE,1961,5.1
SWE,1962,5.1
SWE,1963,5.1
SWE,1964,5.4
SWE,1965,5.7
SWE,1966,6.0
SWE,1967,6.3
SWE,1968,6.6
SWE,1969,7.0
SWE,1970,7.2
SWE,1971,7.0
SWE,1972,7.3
SWE,1973,7.0
SWE,1974,7.4
SWE,1975,7.6
SWE,1976,7.7
SWE,1977,7.3
SWE,1978,7.0
SWE,1979,7.1
SWE,1980,6.7
SWE,1981,6.3
SWE,1982,6.4
SWE,1983,6.1
SWE,1984,6.0
SWE,1985,6.1
SWE,1986,6.3
SWE,1987,6.2
SWE,1988,6.4
SWE,1989,6.5
SWE,1990,6.4
SWE,1991,6.3
SWE,1992,6.3
SWE,1993,6.2
SWE,1994,6.3
SWE,1995,6.2
SWE,1996,6.0
SWE,1997,5.9
SWE,1998,5.8
SWE,1999,6.1
SWE,2000,6.2
SWE,2001,6.5
SWE,2002,6.9
SWE,2003,6.9
SWE,2004,6.5
SWE,2005,6.5
SWE,2006,6.8
SWE,2007,7.0
SWE,2008,7.0
SWE,2009,7.3
SWE,2010,7.4
SWE,2011,7.3
SWE,2012,7.2
SWE,2013,7.3
SWE,2014,7.2
SWE,2015,7.1
SWE,2016,7.2
SWE,2017,7.0
SWE,2018,7.2
SWE,2019,7.1
SWE,2020,7.5
SWE,2021,7.6
SWE,2022,7.5
CHE,1960,12.1
CHE,1961,12.7
CHE,1962,12.9
CHE,1963,13.1
CHE,1964,13.8
CHE,1965,13.7
CHE,1966,13.6
CHE,1967,13.6
CHE,1968,13.6
CHE,1969,14.0
CHE,1970,14.2
CHE,1971,14.2
CHE,1972,14.5
CHE,1973,15.0
CHE,1974,14.6
CHE,1975,13.7
CHE,1976,13.3
CHE,1977,13.3
CHE,1978,13.4
CHE,1979,13.3
CHE,1980,13.5
CHE,1981,13.7
CHE,1982,14.0
CHE,1983,13.6
CHE,1984,13.5
CHE,1985,13.5
CHE,1986,13.2
CHE,1987,13.2
CHE,1988,13.2
CHE,1989,13.1
CHE,1990,12.9
CHE,1991,12.9
CHE,1992,12.3
CHE,1993,12.1
CHE,1994,11.8
CHE,1995,11.4
CHE,1996,11.3
CHE,1997,11.2
CHE,1998,11.1
CHE,1999,11.1
CHE,2000,11.2
CHE,2001,10.6
CHE,2002,10.3
CHE,2003,10.3
CHE,2004,10.1
CHE,2005,9.7
CHE,2006,9.7
CHE,2007,9.9
CHE,2008,9.9
CHE,2009,9.6
CHE,2010,9.7
CHE,2011,9.5
CHE,2012,9.3
CHE,2013,9.3
CHE,2014,9.1
CHE,2015,8.9
CHE,2016,8.7
CHE,2017,8.6
CHE,2018,8.5
CHE,2019,8.7
CHE,2020,8.5
CHE,2021,8.5
CHE,2022,8.4
TUR,1960,0.9
TUR,1961,0.9
TUR,1962,1.0
TUR,1963,0.8
TUR,1964,0.9
TUR,1965,0.9
TUR,1966,1.0
TUR,1967,1.1
TUR,1968,1.3
TUR,1969,1.1
TUR,1970,1.1
TUR,1971,1.2
TUR,1972,1.3
TUR,1973,1.6
TUR,1974,1.8
TUR,1975,1.8
TUR,1976,2.0
TUR,1977,2.0
TUR,1978,2.0
TUR,1979,2.0
TUR,1980,1.8
TUR,1981,1.6
TUR,1982,1.2
TUR,1983,1.6
TUR,1984,1.7
TUR,1985,1.7
TUR,1986,1.8
TUR,1987,1.3
TUR,1988,1.3
TUR,1989,1.4
TUR,1990,1.4
TUR,1991,1.4
TUR,1992,1.5
TUR,1993,1.6
TUR,1994,1.6
TUR,1995,1.7
TUR,1996,1.6
TUR,1997,1.6
TUR,1998,1.6
TUR,1999,1.6
TUR,2000,1.5
TUR,2001,1.4
TUR,2002,1.4
TUR,2003,1.5
TUR,2004,1.4
TUR,2005,1.3
TUR,2006,1.2
TUR,2007,1.3
TUR,2008,1.5
TUR,2009,1.5
TUR,2010,1.5
TUR,2011,1.5
TUR,2012,1.6
TUR,2013,1.4
TUR,2014,1.5
TUR,2015,1.4
TUR,2016,1.3
TUR,2017,1.4
TUR,2018,1.4
TUR,2019,1.3
TUR,2020,1.2
TUR,2021,1.4
TUR,2022,1.6
GBR,1961,7.1
GBR,1962,7.1
GBR,1963,7.2
GBR,1964,7.5
GBR,1965,7.4
GBR,1966,7.6
GBR,1967,7.7
GBR,1968,7.9
GBR,1969,8.1
GBR,1970,7.1
GBR,1971,7.4
GBR,1972,7.8
GBR,1973,8.7
GBR,1974,9.1
GBR,1975,9.0
GBR,1976,9.3
GBR,1977,8.8
GBR,1978,9.4
GBR,1979,9.8
GBR,1980,9.4
GBR,1981,9.1
GBR,1982,8.8
GBR,1983,9.1
GBR,1984,9.2
GBR,1985,9.3
GBR,1986,9.3
GBR,1987,9.5
GBR,1988,9.8
GBR,1989,9.8
GBR,1990,9.8
GBR,1991,9.4
GBR,1992,9.3
GBR,1993,9.3
GBR,1994,9.6
GBR,1995,9.3
GBR,1996,9.8
GBR,1997,10.0
GBR,1998,9.8
GBR,1999,10.3
GBR,2000,10.4
GBR,2001,10.8
GBR,2002,11.1
GBR,2003,11.3
GBR,2004,11.6
GBR,2005,11.4
GBR,2006,11.0
GBR,2007,11.1
GBR,2008,10.8
GBR,2009,10.1
GBR,2010,10.1
GBR,2011,9.9
GBR,2012,9.6
GBR,2013,9.4
GBR,2014,9.4
GBR,2015,9.5
GBR,2016,9.5
GBR,2017,9.7
GBR,2018,9.8
GBR,2019,9.7
GBR,2020,9.7
GBR,2021,10.0
GBR,2022,9.9
USA,1960,7.8
USA,1961,7.8
USA,1962,8.0
USA,1963,8.1
USA,1964,8.4
USA,1965,8.6
USA,1966,8.8
USA,1967,9.0
USA,1968,9.3
USA,1969,9.5
USA,1970,9.5
USA,1971,9.8
USA,1972,9.6
USA,1973,9.8
USA,1974,10.0
USA,1975,10.1
USA,1976,10.1
USA,1977,9.8
USA,1978,10.1
USA,1979,10.2
USA,1980,10.4
USA,1981,10.4
USA,1982,10.3
USA,1983,10.2
USA,1984,10.0
USA,1985,9.9
USA,1986,9.8
USA,1987,9.7
USA,1988,9.4
USA,1989,9.2
USA,1990,9.3
USA,1991,8.7
USA,1992,8.7
USA,1993,8.4
USA,1994,8.3
USA,1995,8.1
USA,1996,8.2
USA,1997,8.1
USA,1998,8.1
USA,1999,8.2
USA,2000,8.3
USA,2001,8.3
USA,2002,8.3
USA,2003,8.4
USA,2004,8.5
USA,2005,8.5
USA,2006,8.6
USA,2007,8.7
USA,2008,8.7
USA,2009,8.7
USA,2010,8.6
USA,2011,8.7
USA,2012,8.9
USA,2013,8.8
USA,2014,8.8
USA,2015,8.8
USA,2016,8.9
USA,2017,8.9
USA,2018,8.9
USA,2019,9.0
USA,2020,9.2
USA,2021,9.5
